Workbook

Sheet Leeme
B1: Tablero de gestión de requerimientos
B2: Ciclo con DEF (documento de definición funcional): de la necesidad o cambio hasta producción
B4: Propósito
B5: Propósito
B6: Registrar cada requerimiento, priorizarlo, calcular fechas según tu capacidad semanal y darle seguimiento hasta producción.
B7: Cómo usarlo
B8: Cómo usarlo
B9: 1. En Parámetros confirma la fecha de inicio, tus horas semanales para requerimientos, el límite de activos y el colchón.
B10: 2. En Tablero usa una fila por requerimiento: ID, título, origen, solicitante, cuatro puntajes (1 a 5) y tamaño (S, M o L). La fila 5 es un ejemplo: sobrescríbela con tu primer requerimiento.
B11: 3. Puntaje, prioridad, horas, duración, carril y fechas se calculan solos.
B12: 4. Cada viernes actualiza Etapa actual, Estado del DEF y Estado. Registra las horas reales.
B13: 5. Si un requerimiento ya está en curso, escribe su fecha en Inicio manual (opcional).
... B30: Las fechas son una referencia de planificación. Si la realidad cambia, usa Inicio manual y revisa el Cronograma.

Sheet Parámetros
A1: Parámetros del plan
A2: Edita solo las celdas amarillas. Todo el Tablero se recalcula a partir de esta hoja.
A4: CAPACIDAD SEMANAL | G4: FERIADOS | J4: LISTAS (no editar)
A5: Concepto | B5: Horas/semana | G5: Fecha | H5: Descripción | J5: Origen | K5: Etapa | L5: Estado del DEF | M5: Estado
A6: Requerimientos (tu gestión) | B6: 20 | G6: 46304 | H6: Independencia de Guayaquil | J6: Necesidad | K6: Backlog | L6: Sin iniciar | M6: En tiempo
A7: Otros proyectos | B7: 12 | G7: 46381 | H7: Navidad | J7: Cambio | K7: Triaje | L7: Borrador | M7: En riesgo
A8: Reuniones, imprevistos, correos | B8: 6 | K8: DEF: elaboración | L8: En validación | M8: Bloqueado
A9: Planificación (lunes) y revisión (viernes) | B9: 2 | K9: DEF: validación | L9: Aprobado | M9: Completado
A10: Total semana | B10: =SUM(B6:B9) -> 40 | C10: =IF(B10=B14*B15,"OK","Revisa: debe sumar "&B14*B15&" h") -> OK | K10: Historias y pruebas
K11: Refinamiento
A12: PARÁMETROS DEL PLAN | K12: Desarrollo
A13: Fecha de inicio del plan | B13: 46293 | K13: Pruebas QA/UAT
A14: Días laborables por semana | B14: 5 | K14: Paso a producción
A15: Horas de jornada por día | B15: 8 | K15: Cerrado
A16: Límite de requerimientos activos (carriles) | B16: 3
A17: Colchón sobre la duración | B17: 0.2
A18: Horas de gestión por día (calculado) | B18: =B6/B14 -> 4
A19: Horas por carril y día (calculado) | B19: =B18/B16 -> 1.3333333
A21: HORAS DE TU GESTIÓN POR ETAPA (orientativas, por tamaño)
A22: Etapa | B22: S | C22: M | D22: L | E22: Entregable
A23: 1. Recepción y triaje | B23: 0.5 | C23: 1 | D23: 1.5 | E23: Ficha con necesidad, origen, solicitante, impacto
A24: 2. Elaboración del DEF | B24: 2 | C24: 4 | D24: 8 | E24: DEF redactado: alcance, reglas, flujos, riesgos
A25: 3. Validación del DEF | B25: 0.5 | C25: 1.5 | D25: 3 | E25: DEF aprobado (línea base)
A26: 4. Historias y criterios de aceptación | B26: 1 | C26: 2.5 | D26: 5 | E26: Historias, criterios y casos de prueba
A27: 5. Refinamiento y estimación | B27: 0.5 | C27: 1 | D27: 2 | E27: Alcance acordado y estimación
A28: 6. Seguimiento del desarrollo | B28: 1 | C28: 3 | D28: 6 | E28: Dudas resueltas, cambios controlados
A29: 7. Pruebas (QA/UAT) | B29: 1 | C29: 2.5 | D29: 5 | E29: Evidencias, defectos, aceptación
A30: 8. Paso a producción | B30: 0.5 | C30: 1.5 | D30: 3 | E30: Aprobación de cambio, plan de release y rollback
A31: 9. Post-producción y cierre | B31: 0.5 | C31: 1 | D31: 2 | E31: Validación, DEF actualizado, lecciones
A32: Total de gestión por requerimiento | B32: =SUM(B23:B31) -> 7.5 | C32: =SUM(C23:C31) -> 18 | D32: =SUM(D23:D31) -> 35.5 | E32: Tamaño S: cambio puntual · M: varias pantallas o una integración · L: varias áreas, integraciones o datos

Sheet Tablero
A1: Tablero de requerimientos
A2: Amarillo = editar · Gris = fórmula. La fila 5 es un ejemplo: sobrescríbela. Cerrado = sale de la planificación.
A4: ID | B4: Título del requerimiento | C4: Origen | D4: Solicitante | E4: Valor (1-5) | F4: Urgencia (1-5) | G4: Riesgo si no se hace (1-5) | H4: Esfuerzo (1-5) | I4: Puntaje | J4: Prioridad | K4: Tamaño (S/M/L) | L4: Etapa actual | M4: Estado del DEF | N4: Horas de gestión estimadas | O4: Días laborables de duración | P4: Carril | Q4: Inicio manual (opcional) | R4: Fecha de inicio | S4: Fecha fin comprometida | T4: Fecha fin real | U4: Horas reales | V4: Estado | W4: Dependencias | X4: Riesgos | Y4: Enlace a DEF, historias y pruebas
A5: REQ-001 | B5: EJEMPLO: agregar filtro por fecha en el reporte de ventas | C5: Cambio | D5: Área comercial | E5: 4 | F5: 3 | G5: 2 | H5: 2 | I5: =IF(OR($A5="",$L5="Cerrado",COUNT($E5:$H5)<4),"",$E5+$F5+$G5-$H5) -> 7 | J5: =IF($I5="","",RANK($I5,$I$5:$I$104)+COUNTIF($I$4:$I4,$I5)) -> 1 | K5: M | L5: Backlog | M5: Sin iniciar | N5: =IF(OR($A5="",$K5=""),"",INDEX(Parámetros!$B$32:$D$32,MATCH($K5,Parámetros!$B$22:$D$22,0))) -> 18 | O5: =IF($N5="","",ROUNDUP($N5/Parámetros!$B$19*(1+Parámetros!$B$17),0)) -> 17 | P5: =IF($J5="","",MOD($J5-1,Parámetros!$B$16)+1) -> 1 | R5: =IF(OR($J5="",$O5=""),"",IF($Q5<>"",$Q5,WORKDAY(Parámetros!$B$13-1,SUMIFS($O$5:$O$104,$P$5:$P$104,$P5,$J$5:$J$104,"<"&$J5)+1,Parámetros!$G$6:$G$25))) -> 46293 | S5: =IF($R5="","",WORKDAY($R5-1,$O5,Parámetros!$G$6:$G$25)) -> 46316 | V5: En tiempo
I6: =IF(OR($A6="",$L6="Cerrado",COUNT($E6:$H6)<4),"",$E6+$F6+$G6-$H6) | J6: =IF($I6="","",RANK($I6,$I$5:$I$104)+COUNTIF($I$4:$I5,$I6)) | N6: =IF(OR($A6="",$K6=""),"",INDEX(Parámetros!$B$32:$D$32,MATCH($K6,Parámetros!$B$22:$D$22,0))) | O6: =IF($N6="","",ROUNDUP($N6/Parámetros!$B$19*(1+Parámetros!$B$17),0)) | P6: =IF($J6="","",MOD($J6-1,Parámetros!$B$16)+1) | R6: =IF(OR($J6="",$O6=""),"",IF($Q6<>"",$Q6,WORKDAY(Parámetros!$B$13-1,SUMIFS($O$5:$O$104,$P$5:$P$104,$P6,$J$5:$J$104,"<"&$J6)+1,Parámetros!$G$6:$G$25))) | S6: =IF($R6="","",WORKDAY($R6-1,$O6,Parámetros!$G$6:$G$25))
I7: =IF(OR($A7="",$L7="Cerrado",COUNT($E7:$H7)<4),"",$E7+$F7+$G7-$H7) | J7: =IF($I7="","",RANK($I7,$I$5:$I$104)+COUNTIF($I$4:$I6,$I7)) | N7: =IF(OR($A7="",$K7=""),"",INDEX(Parámetros!$B$32:$D$32,MATCH($K7,Parámetros!$B$22:$D$22,0))) | O7: =IF($N7="","",ROUNDUP($N7/Parámetros!$B$19*(1+Parámetros!$B$17),0)) | P7: =IF($J7="","",MOD($J7-1,Parámetros!$B$16)+1) | R7: =IF(OR($J7="",$O7=""),"",IF($Q7<>"",$Q7,WORKDAY(Parámetros!$B$13-1,SUMIFS($O$5:$O$104,$P$5:$P$104,$P7,$J$5:$J$104,"<"&$J7)+1,Parámetros!$G$6:$G$25))) | S7: =IF($R7="","",WORKDAY($R7-1,$O7,Parámetros!$G$6:$G$25))
I8: =IF(OR($A8="",$L8="Cerrado",COUNT($E8:$H8)<4),"",$E8+$F8+$G8-$H8) | J8: =IF($I8="","",RANK($I8,$I$5:$I$104)+COUNTIF($I$4:$I7,$I8)) | N8: =IF(OR($A8="",$K8=""),"",INDEX(Parámetros!$B$32:$D$32,MATCH($K8,Parámetros!$B$22:$D$22,0))) | O8: =IF($N8="","",ROUNDUP($N8/Parámetros!$B$19*(1+Parámetros!$B$17),0)) | P8: =IF($J8="","",MOD($J8-1,Parámetros!$B$16)+1) | R8: =IF(OR($J8="",$O8=""),"",IF($Q8<>"",$Q8,WORKDAY(Parámetros!$B$13-1,SUMIFS($O$5:$O$104,$P$5:$P$104,$P8,$J$5:$J$104,"<"&$J8)+1,Parámetros!$G$6:$G$25))) | S8: =IF($R8="","",WORKDAY($R8-1,$O8,Parámetros!$G$6:$G$25))
I9: =IF(OR($A9="",$L9="Cerrado",COUNT($E9:$H9)<4),"",$E9+$F9+$G9-$H9) | J9: =IF($I9="","",RANK($I9,$I$5:$I$104)+COUNTIF($I$4:$I8,$I9)) | N9: =IF(OR($A9="",$K9=""),"",INDEX(Parámetros!$B$32:$D$32,MATCH($K9,Parámetros!$B$22:$D$22,0))) | O9: =IF($N9="","",ROUNDUP($N9/Parámetros!$B$19*(1+Parámetros!$B$17),0)) | P9: =IF($J9="","",MOD($J9-1,Parámetros!$B$16)+1) | R9: =IF(OR($J9="",$O9=""),"",IF($Q9<>"",$Q9,WORKDAY(Parámetros!$B$13-1,SUMIFS($O$5:$O$104,$P$5:$P$104,$P9,$J$5:$J$104,"<"&$J9)+1,Parámetros!$G$6:$G$25))) | S9: =IF($R9="","",WORKDAY($R9-1,$O9,Parámetros!$G$6:$G$25))
I10: =IF(OR($A10="",$L10="Cerrado",COUNT($E10:$H10)<4),"",$E10+$F10+$G10-$H10) | J10: =IF($I10="","",RANK($I10,$I$5:$I$104)+COUNTIF($I$4:$I9,$I10)) | N10: =IF(OR($A10="",$K10=""),"",INDEX(Parámetros!$B$32:$D$32,MATCH($K10,Parámetros!$B$22:$D$22,0))) | O10: =IF($N10="","",ROUNDUP($N10/Parámetros!$B$19*(1+Parámetros!$B$17),0)) | P10: =IF($J10="","",MOD($J10-1,Parámetros!$B$16)+1) | R10: =IF(OR($J10="",$O10=""),"",IF($Q10<>"",$Q10,WORKDAY(Parámetros!$B$13-1,SUMIFS($O$5:$O$104,$P$5:$P$104,$P10,$J$5:$J$104,"<"&$J10)+1,Parámetros!$G$6:$G$25))) | S10: =IF($R10="","",WORKDAY($R10-1,$O10,Parámetros!$G$6:$G$25))
I11: =IF(OR($A11="",$L11="Cerrado",COUNT($E11:$H11)<4),"",$E11+$F11+$G11-$H11) | J11: =IF($I11="","",RANK($I11,$I$5:$I$104)+COUNTIF($I$4:$I10,$I11)) | N11: =IF(OR($A11="",$K11=""),"",INDEX(Parámetros!$B$32:$D$32,MATCH($K11,Parámetros!$B$22:$D$22,0))) | O11: =IF($N11="","",ROUNDUP($N11/Parámetros!$B$19*(1+Parámetros!$B$17),0)) | P11: =IF($J11="","",MOD($J11-1,Parámetros!$B$16)+1) | R11: =IF(OR($J11="",$O11=""),"",IF($Q11<>"",$Q11,WORKDAY(Parámetros!$B$13-1,SUMIFS($O$5:$O$104,$P$5:$P$104,$P11,$J$5:$J$104,"<"&$J11)+1,Parámetros!$G$6:$G$25))) | S11: =IF($R11="","",WORKDAY($R11-1,$O11,Parámetros!$G$6:$G$25))
I12: =IF(OR($A12="",$L12="Cerrado",COUNT($E12:$H12)<4),"",$E12+$F12+$G12-$H12) | J12: =IF($I12="","",RANK($I12,$I$5:$I$104)+COUNTIF($I$4:$I11,$I12)) | N12: =IF(OR($A12="",$K12=""),"",INDEX(Parámetros!$B$32:$D$32,MATCH($K12,Parámetros!$B$22:$D$22,0))) | O12: =IF($N12="","",ROUNDUP($N12/Parámetros!$B$19*(1+Parámetros!$B$17),0)) | P12: =IF($J12="","",MOD($J12-1,Parámetros!$B$16)+1) | R12: =IF(OR($J12="",$O12=""),"",IF($Q12<>"",$Q12,WORKDAY(Parámetros!$B$13-1,SUMIFS($O$5:$O$104,$P$5:$P$104,$P12,$J$5:$J$104,"<"&$J12)+1,Parámetros!$G$6:$G$25))) | S12: =IF($R12="","",WORKDAY($R12-1,$O12,Parámetros!$G$6:$G$25))
I13: =IF(OR($A13="",$L13="Cerrado",COUNT($E13:$H13)<4),"",$E13+$F13+$G13-$H13) | J13: =IF($I13="","",RANK($I13,$I$5:$I$104)+COUNTIF($I$4:$I12,$I13)) | N13: =IF(OR($A13="",$K13=""),"",INDEX(Parámetros!$B$32:$D$32,MATCH($K13,Parámetros!$B$22:$D$22,0))) | O13: =IF($N13="","",ROUNDUP($N13/Parámetros!$B$19*(1+Parámetros!$B$17),0)) | P13: =IF($J13="","",MOD($J13-1,Parámetros!$B$16)+1) | R13: =IF(OR($J13="",$O13=""),"",IF($Q13<>"",$Q13,WORKDAY(Parámetros!$B$13-1,SUMIFS($O$5:$O$104,$P$5:$P$104,$P13,$J$5:$J$104,"<"&$J13)+1,Parámetros!$G$6:$G$25))) | S13: =IF($R13="","",WORKDAY($R13-1,$O13,Parámetros!$G$6:$G$25))
I14: =IF(OR($A14="",$L14="Cerrado",COUNT($E14:$H14)<4),"",$E14+$F14+$G14-$H14) | J14: =IF($I14="","",RANK($I14,$I$5:$I$104)+COUNTIF($I$4:$I13,$I14)) | N14: =IF(OR($A14="",$K14=""),"",INDEX(Parámetros!$B$32:$D$32,MATCH($K14,Parámetros!$B$22:$D$22,0))) | O14: =IF($N14="","",ROUNDUP($N14/Parámetros!$B$19*(1+Parámetros!$B$17),0)) | P14: =IF($J14="","",MOD($J14-1,Parámetros!$B$16)+1) | R14: =IF(OR($J14="",$O14=""),"",IF($Q14<>"",$Q14,WORKDAY(Parámetros!$B$13-1,SUMIFS($O$5:$O$104,$P$5:$P$104,$P14,$J$5:$J$104,"<"&$J14)+1,Parámetros!$G$6:$G$25))) | S14: =IF($R14="","",WORKDAY($R14-1,$O14,Parámetros!$G$6:$G$25))
I15: =IF(OR($A15="",$L15="Cerrado",COUNT($E15:$H15)<4),"",$E15+$F15+$G15-$H15) | J15: =IF($I15="","",RANK($I15,$I$5:$I$104)+COUNTIF($I$4:$I14,$I15)) | N15: =IF(OR($A15="",$K15=""),"",INDEX(Parámetros!$B$32:$D$32,MATCH($K15,Parámetros!$B$22:$D$22,0))) | O15: =IF($N15="","",ROUNDUP($N15/Parámetros!$B$19*(1+Parámetros!$B$17),0)) | P15: =IF($J15="","",MOD($J15-1,Parámetros!$B$16)+1) | R15: =IF(OR($J15="",$O15=""),"",IF($Q15<>"",$Q15,WORKDAY(Parámetros!$B$13-1,SUMIFS($O$5:$O$104,$P$5:$P$104,$P15,$J$5:$J$104,"<"&$J15)+1,Parámetros!$G$6:$G$25))) | S15: =IF($R15="","",WORKDAY($R15-1,$O15,Parámetros!$G$6:$G$25))
I16: =IF(OR($A16="",$L16="Cerrado",COUNT($E16:$H16)<4),"",$E16+$F16+$G16-$H16) | J16: =IF($I16="","",RANK($I16,$I$5:$I$104)+COUNTIF($I$4:$I15,$I16)) | N16: =IF(OR($A16="",$K16=""),"",INDEX(Parámetros!$B$32:$D$32,MATCH($K16,Parámetros!$B$22:$D$22,0))) | O16: =IF($N16="","",ROUNDUP($N16/Parámetros!$B$19*(1+Parámetros!$B$17),0)) | P16: =IF($J16="","",MOD($J16-1,Parámetros!$B$16)+1) | R16: =IF(OR($J16="",$O16=""),"",IF($Q16<>"",$Q16,WORKDAY(Parámetros!$B$13-1,SUMIFS($O$5:$O$104,$P$5:$P$104,$P16,$J$5:$J$104,"<"&$J16)+1,Parámetros!$G$6:$G$25))) | S16: =IF($R16="","",WORKDAY($R16-1,$O16,Parámetros!$G$6:$G$25))
I17: =IF(OR($A17="",$L17="Cerrado",COUNT($E17:$H17)<4),"",$E17+$F17+$G17-$H17) | J17: =IF($I17="","",RANK($I17,$I$5:$I$104)+COUNTIF($I$4:$I16,$I17)) | N17: =IF(OR($A17="",$K17=""),"",INDEX(Parámetros!$B$32:$D$32,MATCH($K17,Parámetros!$B$22:$D$22,0))) | O17: =IF($N17="","",ROUNDUP($N17/Parámetros!$B$19*(1+Parámetros!$B$17),0)) | P17: =IF($J17="","",MOD($J17-1,Parámetros!$B$16)+1) | R17: =IF(OR($J17="",$O17=""),"",IF($Q17<>"",$Q17,WORKDAY(Parámetros!$B$13-1,SUMIFS($O$5:$O$104,$P$5:$P$104,$P17,$J$5:$J$104,"<"&$J17)+1,Parámetros!$G$6:$G$25))) | S17: =IF($R17="","",WORKDAY($R17-1,$O17,Parámetros!$G$6:$G$25))
... I104: =IF(OR($A104="",$L104="Cerrado",COUNT($E104:$H104)<4),"",$E104+$F104+$G104-$H104) | J104: =IF($I104="","",RANK($I104,$I$5:$I$104)+COUNTIF($I$4:$I103,$I104)) | N104: =IF(OR($A104="",$K104=""),"",INDEX(Parámetros!$B$32:$D$32,MATCH($K104,Parámetros!$B$22:$D$22,0))) | O104: =IF($N104="","",ROUNDUP($N104/Parámetros!$B$19*(1+Parámetros!$B$17),0)) | P104: =IF($J104="","",MOD($J104-1,Parámetros!$B$16)+1) | R104: =IF(OR($J104="",$O104=""),"",IF($Q104<>"",$Q104,WORKDAY(Parámetros!$B$13-1,SUMIFS($O$5:$O$104,$P$5:$P$104,$P104,$J$5:$J$104,"<"&$J104)+1,Parámetros!$G$6:$G$25))) | S104: =IF($R104="","",WORKDAY($R104-1,$O104,Parámetros!$G$6:$G$25))

Sheet Cronograma
A1: Cronograma semanal por prioridad
A2: Cada columna es una semana (lunes). La barra aparece donde el requerimiento está en curso.
A4: # | B4: ID | C4: Título | D4: Inicio | E4: Fin | F4: =Parámetros!$B$13-WEEKDAY(Parámetros!$B$13,2)+1 -> 46293 | G4: =F4+7 -> 46300 | H4: =G4+7 -> 46307 | I4: =H4+7 -> 46314 | J4: =I4+7 -> 46321 | K4: =J4+7 -> 46328 | L4: =K4+7 -> 46335 | M4: =L4+7 -> 46342 | N4: =M4+7 -> 46349 | ... AE4: =AD4+7 -> 46468
C5: Requerimientos en curso (miércoles de la semana) | F5: =COUNTIFS($D$7:$D$106,"<="&F$4+2,$E$7:$E$106,">="&F$4+2) -> 1 | G5: =COUNTIFS($D$7:$D$106,"<="&G$4+2,$E$7:$E$106,">="&G$4+2) -> 1 | H5: =COUNTIFS($D$7:$D$106,"<="&H$4+2,$E$7:$E$106,">="&H$4+2) -> 1 | I5: =COUNTIFS($D$7:$D$106,"<="&I$4+2,$E$7:$E$106,">="&I$4+2) -> 1 | J5: =COUNTIFS($D$7:$D$106,"<="&J$4+2,$E$7:$E$106,">="&J$4+2) -> 0 | K5: =COUNTIFS($D$7:$D$106,"<="&K$4+2,$E$7:$E$106,">="&K$4+2) -> 0 | L5: =COUNTIFS($D$7:$D$106,"<="&L$4+2,$E$7:$E$106,">="&L$4+2) -> 0 | M5: =COUNTIFS($D$7:$D$106,"<="&M$4+2,$E$7:$E$106,">="&M$4+2) -> 0 | ... AE5: =COUNTIFS($D$7:$D$106,"<="&AE$4+2,$E$7:$E$106,">="&AE$4+2) -> 0
C6: Cupo libre (límite − en curso) | F6: =Parámetros!$B$16-F5 -> 2 | G6: =Parámetros!$B$16-G5 -> 2 | H6: =Parámetros!$B$16-H5 -> 2 | I6: =Parámetros!$B$16-I5 -> 2 | J6: =Parámetros!$B$16-J5 -> 3 | K6: =Parámetros!$B$16-K5 -> 3 | L6: =Parámetros!$B$16-L5 -> 3 | M6: =Parámetros!$B$16-M5 -> 3 | ... AE6: =Parámetros!$B$16-AE5 -> 3
A7: 1 | B7: =IFERROR(INDEX(Tablero!$A$5:$A$104,MATCH($A7,Tablero!$J$5:$J$104,0))&"","") -> REQ-001 | C7: =IFERROR(INDEX(Tablero!$B$5:$B$104,MATCH($A7,Tablero!$J$5:$J$104,0))&"","") -> EJEMPLO: agregar filtro por fecha en el reporte de ventas | D7: =IFERROR(INDEX(Tablero!$R$5:$R$104,MATCH($A7,Tablero!$J$5:$J$104,0)),"") -> 46293 | E7: =IFERROR(INDEX(Tablero!$S$5:$S$104,MATCH($A7,Tablero!$J$5:$J$104,0)),"") -> 46316 | F7: =IF(OR($D7="",$E7=""),"",IF(AND($D7<=F$4+4,$E7>=F$4),1,"")) -> 1 | G7: =IF(OR($D7="",$E7=""),"",IF(AND($D7<=G$4+4,$E7>=G$4),1,"")) -> 1 | H7: =IF(OR($D7="",$E7=""),"",IF(AND($D7<=H$4+4,$E7>=H$4),1,"")) -> 1 | I7: =IF(OR($D7="",$E7=""),"",IF(AND($D7<=I$4+4,$E7>=I$4),1,"")) -> 1 | J7: =IF(OR($D7="",$E7=""),"",IF(AND($D7<=J$4+4,$E7>=J$4),1,"")) | K7: =IF(OR($D7="",$E7=""),"",IF(AND($D7<=K$4+4,$E7>=K$4),1,"")) | L7: =IF(OR($D7="",$E7=""),"",IF(AND($D7<=L$4+4,$E7>=L$4),1,"")) | M7: =IF(OR($D7="",$E7=""),"",IF(AND($D7<=M$4+4,$E7>=M$4),1,"")) | ... AE7: =IF(OR($D7="",$E7=""),"",IF(AND($D7<=AE$4+4,$E7>=AE$4),1,""))
A8: 2 | B8: =IFERROR(INDEX(Tablero!$A$5:$A$104,MATCH($A8,Tablero!$J$5:$J$104,0))&"","") | C8: =IFERROR(INDEX(Tablero!$B$5:$B$104,MATCH($A8,Tablero!$J$5:$J$104,0))&"","") | D8: =IFERROR(INDEX(Tablero!$R$5:$R$104,MATCH($A8,Tablero!$J$5:$J$104,0)),"") | E8: =IFERROR(INDEX(Tablero!$S$5:$S$104,MATCH($A8,Tablero!$J$5:$J$104,0)),"") | F8: =IF(OR($D8="",$E8=""),"",IF(AND($D8<=F$4+4,$E8>=F$4),1,"")) | G8: =IF(OR($D8="",$E8=""),"",IF(AND($D8<=G$4+4,$E8>=G$4),1,"")) | H8: =IF(OR($D8="",$E8=""),"",IF(AND($D8<=H$4+4,$E8>=H$4),1,"")) | I8: =IF(OR($D8="",$E8=""),"",IF(AND($D8<=I$4+4,$E8>=I$4),1,"")) | J8: =IF(OR($D8="",$E8=""),"",IF(AND($D8<=J$4+4,$E8>=J$4),1,"")) | K8: =IF(OR($D8="",$E8=""),"",IF(AND($D8<=K$4+4,$E8>=K$4),1,"")) | L8: =IF(OR($D8="",$E8=""),"",IF(AND($D8<=L$4+4,$E8>=L$4),1,"")) | M8: =IF(OR($D8="",$E8=""),"",IF(AND($D8<=M$4+4,$E8>=M$4),1,"")) | ... AE8: =IF(OR($D8="",$E8=""),"",IF(AND($D8<=AE$4+4,$E8>=AE$4),1,""))
A9: 3 | B9: =IFERROR(INDEX(Tablero!$A$5:$A$104,MATCH($A9,Tablero!$J$5:$J$104,0))&"","") | C9: =IFERROR(INDEX(Tablero!$B$5:$B$104,MATCH($A9,Tablero!$J$5:$J$104,0))&"","") | D9: =IFERROR(INDEX(Tablero!$R$5:$R$104,MATCH($A9,Tablero!$J$5:$J$104,0)),"") | E9: =IFERROR(INDEX(Tablero!$S$5:$S$104,MATCH($A9,Tablero!$J$5:$J$104,0)),"") | F9: =IF(OR($D9="",$E9=""),"",IF(AND($D9<=F$4+4,$E9>=F$4),1,"")) | G9: =IF(OR($D9="",$E9=""),"",IF(AND($D9<=G$4+4,$E9>=G$4),1,"")) | H9: =IF(OR($D9="",$E9=""),"",IF(AND($D9<=H$4+4,$E9>=H$4),1,"")) | I9: =IF(OR($D9="",$E9=""),"",IF(AND($D9<=I$4+4,$E9>=I$4),1,"")) | J9: =IF(OR($D9="",$E9=""),"",IF(AND($D9<=J$4+4,$E9>=J$4),1,"")) | K9: =IF(OR($D9="",$E9=""),"",IF(AND($D9<=K$4+4,$E9>=K$4),1,"")) | L9: =IF(OR($D9="",$E9=""),"",IF(AND($D9<=L$4+4,$E9>=L$4),1,"")) | M9: =IF(OR($D9="",$E9=""),"",IF(AND($D9<=M$4+4,$E9>=M$4),1,"")) | ... AE9: =IF(OR($D9="",$E9=""),"",IF(AND($D9<=AE$4+4,$E9>=AE$4),1,""))
A10: 4 | B10: =IFERROR(INDEX(Tablero!$A$5:$A$104,MATCH($A10,Tablero!$J$5:$J$104,0))&"","") | C10: =IFERROR(INDEX(Tablero!$B$5:$B$104,MATCH($A10,Tablero!$J$5:$J$104,0))&"","") | D10: =IFERROR(INDEX(Tablero!$R$5:$R$104,MATCH($A10,Tablero!$J$5:$J$104,0)),"") | E10: =IFERROR(INDEX(Tablero!$S$5:$S$104,MATCH($A10,Tablero!$J$5:$J$104,0)),"") | F10: =IF(OR($D10="",$E10=""),"",IF(AND($D10<=F$4+4,$E10>=F$4),1,"")) | G10: =IF(OR($D10="",$E10=""),"",IF(AND($D10<=G$4+4,$E10>=G$4),1,"")) | H10: =IF(OR($D10="",$E10=""),"",IF(AND($D10<=H$4+4,$E10>=H$4),1,"")) | I10: =IF(OR($D10="",$E10=""),"",IF(AND($D10<=I$4+4,$E10>=I$4),1,"")) | J10: =IF(OR($D10="",$E10=""),"",IF(AND($D10<=J$4+4,$E10>=J$4),1,"")) | K10: =IF(OR($D10="",$E10=""),"",IF(AND($D10<=K$4+4,$E10>=K$4),1,"")) | L10: =IF(OR($D10="",$E10=""),"",IF(AND($D10<=L$4+4,$E10>=L$4),1,"")) | M10: =IF(OR($D10="",$E10=""),"",IF(AND($D10<=M$4+4,$E10>=M$4),1,"")) | ... AE10: =IF(OR($D10="",$E10=""),"",IF(AND($D10<=AE$4+4,$E10>=AE$4),1,""))
A11: 5 | B11: =IFERROR(INDEX(Tablero!$A$5:$A$104,MATCH($A11,Tablero!$J$5:$J$104,0))&"","") | C11: =IFERROR(INDEX(Tablero!$B$5:$B$104,MATCH($A11,Tablero!$J$5:$J$104,0))&"","") | D11: =IFERROR(INDEX(Tablero!$R$5:$R$104,MATCH($A11,Tablero!$J$5:$J$104,0)),"") | E11: =IFERROR(INDEX(Tablero!$S$5:$S$104,MATCH($A11,Tablero!$J$5:$J$104,0)),"") | F11: =IF(OR($D11="",$E11=""),"",IF(AND($D11<=F$4+4,$E11>=F$4),1,"")) | G11: =IF(OR($D11="",$E11=""),"",IF(AND($D11<=G$4+4,$E11>=G$4),1,"")) | H11: =IF(OR($D11="",$E11=""),"",IF(AND($D11<=H$4+4,$E11>=H$4),1,"")) | I11: =IF(OR($D11="",$E11=""),"",IF(AND($D11<=I$4+4,$E11>=I$4),1,"")) | J11: =IF(OR($D11="",$E11=""),"",IF(AND($D11<=J$4+4,$E11>=J$4),1,"")) | K11: =IF(OR($D11="",$E11=""),"",IF(AND($D11<=K$4+4,$E11>=K$4),1,"")) | L11: =IF(OR($D11="",$E11=""),"",IF(AND($D11<=L$4+4,$E11>=L$4),1,"")) | M11: =IF(OR($D11="",$E11=""),"",IF(AND($D11<=M$4+4,$E11>=M$4),1,"")) | ... AE11: =IF(OR($D11="",$E11=""),"",IF(AND($D11<=AE$4+4,$E11>=AE$4),1,""))
A12: 6 | B12: =IFERROR(INDEX(Tablero!$A$5:$A$104,MATCH($A12,Tablero!$J$5:$J$104,0))&"","") | C12: =IFERROR(INDEX(Tablero!$B$5:$B$104,MATCH($A12,Tablero!$J$5:$J$104,0))&"","") | D12: =IFERROR(INDEX(Tablero!$R$5:$R$104,MATCH($A12,Tablero!$J$5:$J$104,0)),"") | E12: =IFERROR(INDEX(Tablero!$S$5:$S$104,MATCH($A12,Tablero!$J$5:$J$104,0)),"") | F12: =IF(OR($D12="",$E12=""),"",IF(AND($D12<=F$4+4,$E12>=F$4),1,"")) | G12: =IF(OR($D12="",$E12=""),"",IF(AND($D12<=G$4+4,$E12>=G$4),1,"")) | H12: =IF(OR($D12="",$E12=""),"",IF(AND($D12<=H$4+4,$E12>=H$4),1,"")) | I12: =IF(OR($D12="",$E12=""),"",IF(AND($D12<=I$4+4,$E12>=I$4),1,"")) | J12: =IF(OR($D12="",$E12=""),"",IF(AND($D12<=J$4+4,$E12>=J$4),1,"")) | K12: =IF(OR($D12="",$E12=""),"",IF(AND($D12<=K$4+4,$E12>=K$4),1,"")) | L12: =IF(OR($D12="",$E12=""),"",IF(AND($D12<=L$4+4,$E12>=L$4),1,"")) | M12: =IF(OR($D12="",$E12=""),"",IF(AND($D12<=M$4+4,$E12>=M$4),1,"")) | ... AE12: =IF(OR($D12="",$E12=""),"",IF(AND($D12<=AE$4+4,$E12>=AE$4),1,""))
A13: 7 | B13: =IFERROR(INDEX(Tablero!$A$5:$A$104,MATCH($A13,Tablero!$J$5:$J$104,0))&"","") | C13: =IFERROR(INDEX(Tablero!$B$5:$B$104,MATCH($A13,Tablero!$J$5:$J$104,0))&"","") | D13: =IFERROR(INDEX(Tablero!$R$5:$R$104,MATCH($A13,Tablero!$J$5:$J$104,0)),"") | E13: =IFERROR(INDEX(Tablero!$S$5:$S$104,MATCH($A13,Tablero!$J$5:$J$104,0)),"") | F13: =IF(OR($D13="",$E13=""),"",IF(AND($D13<=F$4+4,$E13>=F$4),1,"")) | G13: =IF(OR($D13="",$E13=""),"",IF(AND($D13<=G$4+4,$E13>=G$4),1,"")) | H13: =IF(OR($D13="",$E13=""),"",IF(AND($D13<=H$4+4,$E13>=H$4),1,"")) | I13: =IF(OR($D13="",$E13=""),"",IF(AND($D13<=I$4+4,$E13>=I$4),1,"")) | J13: =IF(OR($D13="",$E13=""),"",IF(AND($D13<=J$4+4,$E13>=J$4),1,"")) | K13: =IF(OR($D13="",$E13=""),"",IF(AND($D13<=K$4+4,$E13>=K$4),1,"")) | L13: =IF(OR($D13="",$E13=""),"",IF(AND($D13<=L$4+4,$E13>=L$4),1,"")) | M13: =IF(OR($D13="",$E13=""),"",IF(AND($D13<=M$4+4,$E13>=M$4),1,"")) | ... AE13: =IF(OR($D13="",$E13=""),"",IF(AND($D13<=AE$4+4,$E13>=AE$4),1,""))
A14: 8 | B14: =IFERROR(INDEX(Tablero!$A$5:$A$104,MATCH($A14,Tablero!$J$5:$J$104,0))&"","") | C14: =IFERROR(INDEX(Tablero!$B$5:$B$104,MATCH($A14,Tablero!$J$5:$J$104,0))&"","") | D14: =IFERROR(INDEX(Tablero!$R$5:$R$104,MATCH($A14,Tablero!$J$5:$J$104,0)),"") | E14: =IFERROR(INDEX(Tablero!$S$5:$S$104,MATCH($A14,Tablero!$J$5:$J$104,0)),"") | F14: =IF(OR($D14="",$E14=""),"",IF(AND($D14<=F$4+4,$E14>=F$4),1,"")) | G14: =IF(OR($D14="",$E14=""),"",IF(AND($D14<=G$4+4,$E14>=G$4),1,"")) | H14: =IF(OR($D14="",$E14=""),"",IF(AND($D14<=H$4+4,$E14>=H$4),1,"")) | I14: =IF(OR($D14="",$E14=""),"",IF(AND($D14<=I$4+4,$E14>=I$4),1,"")) | J14: =IF(OR($D14="",$E14=""),"",IF(AND($D14<=J$4+4,$E14>=J$4),1,"")) | K14: =IF(OR($D14="",$E14=""),"",IF(AND($D14<=K$4+4,$E14>=K$4),1,"")) | L14: =IF(OR($D14="",$E14=""),"",IF(AND($D14<=L$4+4,$E14>=L$4),1,"")) | M14: =IF(OR($D14="",$E14=""),"",IF(AND($D14<=M$4+4,$E14>=M$4),1,"")) | ... AE14: =IF(OR($D14="",$E14=""),"",IF(AND($D14<=AE$4+4,$E14>=AE$4),1,""))
A15: 9 | B15: =IFERROR(INDEX(Tablero!$A$5:$A$104,MATCH($A15,Tablero!$J$5:$J$104,0))&"","") | C15: =IFERROR(INDEX(Tablero!$B$5:$B$104,MATCH($A15,Tablero!$J$5:$J$104,0))&"","") | D15: =IFERROR(INDEX(Tablero!$R$5:$R$104,MATCH($A15,Tablero!$J$5:$J$104,0)),"") | E15: =IFERROR(INDEX(Tablero!$S$5:$S$104,MATCH($A15,Tablero!$J$5:$J$104,0)),"") | F15: =IF(OR($D15="",$E15=""),"",IF(AND($D15<=F$4+4,$E15>=F$4),1,"")) | G15: =IF(OR($D15="",$E15=""),"",IF(AND($D15<=G$4+4,$E15>=G$4),1,"")) | H15: =IF(OR($D15="",$E15=""),"",IF(AND($D15<=H$4+4,$E15>=H$4),1,"")) | I15: =IF(OR($D15="",$E15=""),"",IF(AND($D15<=I$4+4,$E15>=I$4),1,"")) | J15: =IF(OR($D15="",$E15=""),"",IF(AND($D15<=J$4+4,$E15>=J$4),1,"")) | K15: =IF(OR($D15="",$E15=""),"",IF(AND($D15<=K$4+4,$E15>=K$4),1,"")) | L15: =IF(OR($D15="",$E15=""),"",IF(AND($D15<=L$4+4,$E15>=L$4),1,"")) | M15: =IF(OR($D15="",$E15=""),"",IF(AND($D15<=M$4+4,$E15>=M$4),1,"")) | ... AE15: =IF(OR($D15="",$E15=""),"",IF(AND($D15<=AE$4+4,$E15>=AE$4),1,""))
A16: 10 | B16: =IFERROR(INDEX(Tablero!$A$5:$A$104,MATCH($A16,Tablero!$J$5:$J$104,0))&"","") | C16: =IFERROR(INDEX(Tablero!$B$5:$B$104,MATCH($A16,Tablero!$J$5:$J$104,0))&"","") | D16: =IFERROR(INDEX(Tablero!$R$5:$R$104,MATCH($A16,Tablero!$J$5:$J$104,0)),"") | E16: =IFERROR(INDEX(Tablero!$S$5:$S$104,MATCH($A16,Tablero!$J$5:$J$104,0)),"") | F16: =IF(OR($D16="",$E16=""),"",IF(AND($D16<=F$4+4,$E16>=F$4),1,"")) | G16: =IF(OR($D16="",$E16=""),"",IF(AND($D16<=G$4+4,$E16>=G$4),1,"")) | H16: =IF(OR($D16="",$E16=""),"",IF(AND($D16<=H$4+4,$E16>=H$4),1,"")) | I16: =IF(OR($D16="",$E16=""),"",IF(AND($D16<=I$4+4,$E16>=I$4),1,"")) | J16: =IF(OR($D16="",$E16=""),"",IF(AND($D16<=J$4+4,$E16>=J$4),1,"")) | K16: =IF(OR($D16="",$E16=""),"",IF(AND($D16<=K$4+4,$E16>=K$4),1,"")) | L16: =IF(OR($D16="",$E16=""),"",IF(AND($D16<=L$4+4,$E16>=L$4),1,"")) | M16: =IF(OR($D16="",$E16=""),"",IF(AND($D16<=M$4+4,$E16>=M$4),1,"")) | ... AE16: =IF(OR($D16="",$E16=""),"",IF(AND($D16<=AE$4+4,$E16>=AE$4),1,""))
A17: 11 | B17: =IFERROR(INDEX(Tablero!$A$5:$A$104,MATCH($A17,Tablero!$J$5:$J$104,0))&"","") | C17: =IFERROR(INDEX(Tablero!$B$5:$B$104,MATCH($A17,Tablero!$J$5:$J$104,0))&"","") | D17: =IFERROR(INDEX(Tablero!$R$5:$R$104,MATCH($A17,Tablero!$J$5:$J$104,0)),"") | E17: =IFERROR(INDEX(Tablero!$S$5:$S$104,MATCH($A17,Tablero!$J$5:$J$104,0)),"") | F17: =IF(OR($D17="",$E17=""),"",IF(AND($D17<=F$4+4,$E17>=F$4),1,"")) | G17: =IF(OR($D17="",$E17=""),"",IF(AND($D17<=G$4+4,$E17>=G$4),1,"")) | H17: =IF(OR($D17="",$E17=""),"",IF(AND($D17<=H$4+4,$E17>=H$4),1,"")) | I17: =IF(OR($D17="",$E17=""),"",IF(AND($D17<=I$4+4,$E17>=I$4),1,"")) | J17: =IF(OR($D17="",$E17=""),"",IF(AND($D17<=J$4+4,$E17>=J$4),1,"")) | K17: =IF(OR($D17="",$E17=""),"",IF(AND($D17<=K$4+4,$E17>=K$4),1,"")) | L17: =IF(OR($D17="",$E17=""),"",IF(AND($D17<=L$4+4,$E17>=L$4),1,"")) | M17: =IF(OR($D17="",$E17=""),"",IF(AND($D17<=M$4+4,$E17>=M$4),1,"")) | ... AE17: =IF(OR($D17="",$E17=""),"",IF(AND($D17<=AE$4+4,$E17>=AE$4),1,""))
A18: 12 | B18: =IFERROR(INDEX(Tablero!$A$5:$A$104,MATCH($A18,Tablero!$J$5:$J$104,0))&"","") | C18: =IFERROR(INDEX(Tablero!$B$5:$B$104,MATCH($A18,Tablero!$J$5:$J$104,0))&"","") | D18: =IFERROR(INDEX(Tablero!$R$5:$R$104,MATCH($A18,Tablero!$J$5:$J$104,0)),"") | E18: =IFERROR(INDEX(Tablero!$S$5:$S$104,MATCH($A18,Tablero!$J$5:$J$104,0)),"") | F18: =IF(OR($D18="",$E18=""),"",IF(AND($D18<=F$4+4,$E18>=F$4),1,"")) | G18: =IF(OR($D18="",$E18=""),"",IF(AND($D18<=G$4+4,$E18>=G$4),1,"")) | H18: =IF(OR($D18="",$E18=""),"",IF(AND($D18<=H$4+4,$E18>=H$4),1,"")) | I18: =IF(OR($D18="",$E18=""),"",IF(AND($D18<=I$4+4,$E18>=I$4),1,"")) | J18: =IF(OR($D18="",$E18=""),"",IF(AND($D18<=J$4+4,$E18>=J$4),1,"")) | K18: =IF(OR($D18="",$E18=""),"",IF(AND($D18<=K$4+4,$E18>=K$4),1,"")) | L18: =IF(OR($D18="",$E18=""),"",IF(AND($D18<=L$4+4,$E18>=L$4),1,"")) | M18: =IF(OR($D18="",$E18=""),"",IF(AND($D18<=M$4+4,$E18>=M$4),1,"")) | ... AE18: =IF(OR($D18="",$E18=""),"",IF(AND($D18<=AE$4+4,$E18>=AE$4),1,""))
... A106: 100 | B106: =IFERROR(INDEX(Tablero!$A$5:$A$104,MATCH($A106,Tablero!$J$5:$J$104,0))&"","") | C106: =IFERROR(INDEX(Tablero!$B$5:$B$104,MATCH($A106,Tablero!$J$5:$J$104,0))&"","") | D106: =IFERROR(INDEX(Tablero!$R$5:$R$104,MATCH($A106,Tablero!$J$5:$J$104,0)),"") | E106: =IFERROR(INDEX(Tablero!$S$5:$S$104,MATCH($A106,Tablero!$J$5:$J$104,0)),"") | F106: =IF(OR($D106="",$E106=""),"",IF(AND($D106<=F$4+4,$E106>=F$4),1,"")) | G106: =IF(OR($D106="",$E106=""),"",IF(AND($D106<=G$4+4,$E106>=G$4),1,"")) | H106: =IF(OR($D106="",$E106=""),"",IF(AND($D106<=H$4+4,$E106>=H$4),1,"")) | I106: =IF(OR($D106="",$E106=""),"",IF(AND($D106<=I$4+4,$E106>=I$4),1,"")) | J106: =IF(OR($D106="",$E106=""),"",IF(AND($D106<=J$4+4,$E106>=J$4),1,"")) | K106: =IF(OR($D106="",$E106=""),"",IF(AND($D106<=K$4+4,$E106>=K$4),1,"")) | L106: =IF(OR($D106="",$E106=""),"",IF(AND($D106<=L$4+4,$E106>=L$4),1,"")) | M106: =IF(OR($D106="",$E106=""),"",IF(AND($D106<=M$4+4,$E106>=M$4),1,"")) | ... AE106: =IF(OR($D106="",$E106=""),"",IF(AND($D106<=AE$4+4,$E106>=AE$4),1,""))

Sheet Resumen
A1: Resumen e indicadores
A4: INDICADORES
A5: Requerimientos registrados | B5: =COUNTA(Tablero!$A$5:$A$104) -> 1
A6: Cerrados | B6: =COUNTIF(Tablero!$L$5:$L$104,"Cerrado") -> 0
A7: Pendientes | B7: =B5-B6 -> 1
A8: En gestión activa (Triaje a Refinamiento) | B8: =SUM(B15:B19) -> 0
A9: Límite de activos | B9: =Parámetros!$B$16 -> 3
A10: Alerta de límite | B10: =IF(B8>B9,"Sobre el límite","Dentro del límite") -> Dentro del límite
A12: REQUERIMIENTOS POR ETAPA
A13: Etapa | B13: Cantidad
A14: =Parámetros!K6 -> Backlog | B14: =COUNTIF(Tablero!$L$5:$L$104,A14) -> 1
A15: =Parámetros!K7 -> Triaje | B15: =COUNTIF(Tablero!$L$5:$L$104,A15) -> 0
A16: =Parámetros!K8 -> DEF: elaboración | B16: =COUNTIF(Tablero!$L$5:$L$104,A16) -> 0
A17: =Parámetros!K9 -> DEF: validación | B17: =COUNTIF(Tablero!$L$5:$L$104,A17) -> 0
A18: =Parámetros!K10 -> Historias y pruebas | B18: =COUNTIF(Tablero!$L$5:$L$104,A18) -> 0
A19: =Parámetros!K11 -> Refinamiento | B19: =COUNTIF(Tablero!$L$5:$L$104,A19) -> 0
A20: =Parámetros!K12 -> Desarrollo | B20: =COUNTIF(Tablero!$L$5:$L$104,A20) -> 0
A21: =Parámetros!K13 -> Pruebas QA/UAT | B21: =COUNTIF(Tablero!$L$5:$L$104,A21) -> 0
A22: =Parámetros!K14 -> Paso a producción | B22: =COUNTIF(Tablero!$L$5:$L$104,A22) -> 0
A23: =Parámetros!K15 -> Cerrado | B23: =COUNTIF(Tablero!$L$5:$L$104,A23) -> 0
A26: ESTADO DE SEGUIMIENTO
A27: Estado | B27: Cantidad
A28: =Parámetros!M6 -> En tiempo | B28: =COUNTIF(Tablero!$V$5:$V$104,A28) -> 1
A29: =Parámetros!M7 -> En riesgo | B29: =COUNTIF(Tablero!$V$5:$V$104,A29) -> 0
A30: =Parámetros!M8 -> Bloqueado | B30: =COUNTIF(Tablero!$V$5:$V$104,A30) -> 0
A31: =Parámetros!M9 -> Completado | B31: =COUNTIF(Tablero!$V$5:$V$104,A31) -> 0
A33: PLANIFICACIÓN Y HORAS
A34: Horas de gestión pendientes (no cerrados) | B34: =SUMIFS(Tablero!$N$5:$N$104,Tablero!$L$5:$L$104,"<>Cerrado") -> 18
A35: Semanas estimadas para atender lo pendiente (con colchón) | B35: =IF(B34=0,0,B34/Parámetros!$B$6*(1+Parámetros!$B$17)) -> 1.08
A36: Fecha estimada de fin del último requerimiento | B36: =IF(COUNT(Tablero!$S$5:$S$104)=0,"",MAX(Tablero!$S$5:$S$104)) -> 46316
A37: Horas estimadas de los cerrados | B37: =SUMIFS(Tablero!$N$5:$N$104,Tablero!$L$5:$L$104,"Cerrado") -> 0
A38: Horas reales de los cerrados | B38: =SUMIFS(Tablero!$U$5:$U$104,Tablero!$L$5:$L$104,"Cerrado") -> 0
A39: Desviación de horas (reales vs. estimadas) | B39: =IF(OR(B37=0,B38=0),"",(B38-B37)/B37)
A40: Con más de 4 semanas de datos, recalibra las horas por etapa en Parámetros.
